file,boxes_csv,boxes_parquet,delta_boxes,kilos_csv,kilos_parquet,delta_kilos,rows_csv,rows_parquet,status
datos_semana_1000.csv,11839167,11839167,0,95453933.0,95453933.0,0.0,4847,4847,OK
datos_semana_1001.csv,10448420,10448420,0,91008484.0,91008484.0,0.0,4349,4349,OK
datos_semana_1002.csv,12153973,12153973,0,109291409.0,109291409.0,0.0,4744,4744,OK
datos_semana_1003.csv,11023978,11023978,0,101006771.0,101006771.0,0.0,3979,3979,OK
datos_semana_1004.csv,10944861,10944861,0,101224282.0,101224282.0,0.0,3537,3537,OK
datos_semana_1005.csv,14371121,14371121,0,131587781.0,131587781.0,0.0,4190,4190,OK
datos_semana_1006.csv,10366521,10366521,0,101722139.0,101722139.0,0.0,3473,3473,OK
datos_semana_1007.csv,8713111,8713111,0,88181933.0,88181933.0,0.0,3065,3065,OK
datos_semana_1008.csv,8022658,8022658,0,85583172.0,85583172.0,0.0,2938,2938,OK
datos_semana_1009.csv,5791782,5791782,0,67137483.0,67137483.0,0.0,2383,2383,OK
datos_semana_1010.csv,4753872,4753872,0,59232417.0,59232417.0,0.0,2162,2162,OK
datos_semana_1011.csv,4547905,4547905,0,58939902.0,58939902.0,0.0,2171,2171,OK
datos_semana_1012.csv,4210558,4210558,0,56990255.0,56990255.0,0.0,2028,2028,OK
datos_semana_1013.csv,4305193,4305193,0,59331199.0,59331199.0,0.0,2033,2033,OK
datos_semana_1014.csv,3502416,3502416,0,49142884.0,49142884.0,0.0,1722,1722,OK
datos_semana_1015.csv,2220166,2220166,0,31722612.0,31722612.0,0.0,1308,1308,OK
datos_semana_1016.csv,5583731,5583731,0,80244619.0,80244619.0,0.0,2214,2214,OK
datos_semana_1017.csv,4469901,4469901,0,67104445.0,67104445.0,0.0,2022,2022,OK
datos_semana_1018.csv,2903312,2903312,0,42490944.0,42490944.0,0.0,1467,1467,OK
datos_semana_1019.csv,3906557,3906557,0,59477055.0,59477055.0,0.0,1733,1733,OK
datos_semana_1020.csv,4001801,4001801,0,60428573.0,60428573.0,0.0,1782,1782,OK
datos_semana_1021.csv,3147816,3147816,0,47691650.0,47691650.0,0.0,1495,1495,OK
datos_semana_1022.csv,2832739,2832739,0,42867900.0,42867900.0,0.0,1475,1475,OK
datos_semana_1023.csv,2025272,2025272,0,29468223.0,29468223.0,0.0,1077,1077,OK
datos_semana_1024.csv,3643527,3643527,0,52142217.0,52142217.0,0.0,1441,1441,OK
datos_semana_1025.csv,3118313,3118313,0,43560072.0,43560072.0,0.0,1325,1325,OK
datos_semana_1026.csv,3046548,3046548,0,42218503.0,42218503.0,0.0,1248,1248,OK
datos_semana_1027.csv,1583541,1583541,0,21702311.0,21702311.0,0.0,527,527,OK
datos_semana_1028.csv,2863974,2863974,0,38407360.0,38407360.0,0.0,1048,1048,OK
datos_semana_1029.csv,2808100,2808100,0,35955349.0,35955349.0,0.0,1012,1012,OK
datos_semana_1030.csv,1754198,1754198,0,21415661.0,21415661.0,0.0,603,603,OK
datos_semana_1031.csv,1247171,1247171,0,14643791.0,14643791.0,0.0,503,503,OK
datos_semana_1032.csv,1901345,1901345,0,20906098.0,20906098.0,0.0,722,722,OK
datos_semana_1033.csv,1801335,1801335,0,17617988.0,17617988.0,0.0,584,584,OK
datos_semana_1034.csv,1641458,1641458,0,15322616.0,15322616.0,0.0,581,581,OK
datos_semana_1035.csv,624138,624138,0,4936296.0,4936296.0,0.0,340,340,OK
datos_semana_1036.csv,909069,909069,0,7785334.0,7785334.0,0.0,459,459,OK
datos_semana_1037.csv,1729428,1729428,0,11671954.0,11671954.0,0.0,857,857,OK
datos_semana_1038.csv,2331850,2331850,0,13633951.0,13633951.0,0.0,1357,1357,OK
datos_semana_1039.csv,3951561,3951561,0,19474300.0,19474300.0,0.0,2076,2076,OK
datos_semana_1040.csv,6421024,6421024,0,30628570.0,30628570.0,0.0,2891,2891,OK
datos_semana_1041.csv,10521742,10521742,0,47008874.0,47008874.0,0.0,4370,4370,OK
datos_semana_1042.csv,10242978,10242978,0,43626445.0,43626445.0,0.0,4405,4405,OK
datos_semana_1043.csv,17742574,17742574,0,77192770.0,77192770.0,0.0,5639,5639,OK
datos_semana_1044.csv,14518822,14518822,0,65184465.0,65184465.0,0.0,4811,4811,OK
datos_semana_1045.csv,11159622,11159622,0,49742780.0,49742780.0,0.0,4501,4501,OK
datos_semana_1046.csv,10585526,10585526,0,50634320.0,50634320.0,0.0,4385,4385,OK
datos_semana_1047.csv,9119250,9119250,0,48582058.0,48582058.0,0.0,4104,4104,OK
datos_semana_1048.csv,9400188,9400188,0,58311624.0,58311624.0,0.0,4559,4559,OK
datos_semana_1049.csv,10043827,10043827,0,69365074.0,69365074.0,0.0,4962,4962,OK
datos_semana_1050.csv,9025519,9025519,0,65326850.0,65326850.0,0.0,4307,4307,OK
datos_semana_1051.csv,10917917,10917917,0,86215900.0,86215900.0,0.0,5395,5395,OK
datos_semana_1052.csv,10160554,10160554,0,83489147.0,83489147.0,0.0,4773,4773,OK
datos_semana_1053.csv,10727362,10727362,0,91377791.0,91377791.0,0.0,4538,4538,OK
datos_semana_1054.csv,9838531,9838531,0,87305512.0,87305512.0,0.0,4216,4216,OK
datos_semana_1055.csv,10318869,10318869,0,92739476.0,92739476.0,0.0,3947,3947,OK
datos_semana_1056.csv,11072766,11072766,0,99651779.0,99651779.0,0.0,3856,3856,OK
datos_semana_1057.csv,11682372,11682372,0,105982127.0,105982127.0,0.0,3580,3580,OK
datos_semana_1058.csv,7313100,7313100,0,71743504.0,71743504.0,0.0,2473,2473,OK
datos_semana_1059.csv,6911252,6911252,0,69540416.0,69540416.0,0.0,2369,2369,OK
datos_semana_1060.csv,5130200,5130200,0,55190573.0,55190573.0,0.0,2006,2006,OK
datos_semana_1061.csv,5397089,5397089,0,62031844.0,62031844.0,0.0,2181,2181,OK
datos_semana_1062.csv,4880083,4880083,0,60389318.0,60389318.0,0.0,2119,2119,OK
datos_semana_1063.csv,4124056,4124056,0,53213657.0,53213657.0,0.0,1875,1875,OK
datos_semana_1064.csv,4231142,4231142,0,57564925.0,57564925.0,0.0,2022,2022,OK
datos_semana_1065.csv,3898031,3898031,0,54335047.0,54335047.0,0.0,1903,1903,OK
datos_semana_1066.csv,3609390,3609390,0,51425406.0,51425406.0,0.0,1816,1816,OK
datos_semana_1067.csv,3388823,3388823,0,48949295.0,48949295.0,0.0,1709,1709,OK
datos_semana_1068.csv,2748375,2748375,0,40511778.0,40511778.0,0.0,1368,1368,OK
datos_semana_1069.csv,1382860,1382860,0,20313196.0,20313196.0,0.0,789,789,OK
datos_semana_1070.csv,6315870,6315870,0,91987569.0,91987569.0,0.0,2383,2383,OK
datos_semana_1071.csv,2738281,2738281,0,40891172.0,40891172.0,0.0,1464,1464,OK
datos_semana_1072.csv,2596248,2596248,0,39107333.0,39107333.0,0.0,1269,1269,OK
datos_semana_1073.csv,3305309,3305309,0,49682804.0,49682804.0,0.0,1750,1750,OK
datos_semana_1074.csv,3021667,3021667,0,45999055.0,45999055.0,0.0,1586,1586,OK
datos_semana_1075.csv,2994446,2994446,0,45299223.0,45299223.0,0.0,1427,1427,OK
datos_semana_1076.csv,2781426,2781426,0,42270407.0,42270407.0,0.0,1332,1332,OK
datos_semana_1077.csv,2998200,2998200,0,46248163.0,46248163.0,0.0,1367,1367,OK
datos_semana_1078.csv,3265548,3265548,0,51418357.0,51418357.0,0.0,1420,1420,OK
datos_semana_1079.csv,2694087,2694087,0,40454339.0,40454339.0,0.0,1214,1214,OK
datos_semana_1080.csv,604523,604523,0,8404987.0,8404987.0,0.0,436,436,OK
datos_semana_1081.csv,4744058,4744058,0,67703144.0,67703144.0,0.0,1415,1415,OK
datos_semana_1082.csv,2546746,2546746,0,32997253.0,32997253.0,0.0,977,977,OK
datos_semana_1083.csv,1011706,1011706,0,11692249.0,11692249.0,0.0,536,536,OK
datos_semana_1084.csv,3315434,3315434,0,38433621.0,38433621.0,0.0,981,981,OK
datos_semana_1085.csv,906571,906571,0,12416388.0,12416388.0,0.0,561,561,OK
datos_semana_1086.csv,2577995,2577995,0,23400853.0,23400853.0,0.0,669,669,OK
datos_semana_1087.csv,1023920,1023920,0,10830269.0,10830269.0,0.0,547,547,OK
datos_semana_1088.csv,1828673,1828673,0,15571117.0,15571117.0,0.0,615,615,OK
datos_semana_1089.csv,1378250,1378250,0,11900847.0,11900847.0,0.0,719,719,OK
datos_semana_1090.csv,1263583,1263583,0,8506934.0,8506934.0,0.0,930,930,OK
datos_semana_1091.csv,3430808,3430808,0,19080212.0,19080212.0,0.0,1779,1779,OK
datos_semana_1092.csv,7100511,7100511,0,33380851.0,33380851.0,0.0,2691,2691,OK
datos_semana_1093.csv,6524692,6524692,0,29715338.0,29715338.0,0.0,3054,3054,OK
datos_semana_1094.csv,13152381,13152381,0,57251631.0,57251631.0,0.0,5158,5158,OK
datos_semana_1095.csv,18155058,18155058,0,79789443.0,79789443.0,0.0,6076,6076,OK
datos_semana_1096.csv,14756267,14756267,0,66238448.0,66238448.0,0.0,5254,5254,OK
datos_semana_1097.csv,15004518,15004518,0,68382694.0,68382694.0,0.0,5656,5656,OK
datos_semana_1098.csv,16148322,16148322,0,76656477.0,76656477.0,0.0,6051,6051,OK
datos_semana_1099.csv,16283460,16283460,0,79538496.0,79538496.0,0.0,5460,5460,OK
datos_semana_1100.csv,10969038,10969038,0,58267924.0,58267924.0,0.0,5278,5278,OK
datos_semana_1101.csv,9396876,9396876,0,61920674.0,61920674.0,0.0,4605,4605,OK
datos_semana_1102.csv,8178879,8178879,0,56410972.0,56410972.0,0.0,4279,4279,OK
datos_semana_1103.csv,9458100,9458100,0,71486289.0,71486289.0,0.0,4648,4648,OK
datos_semana_1104.csv,10217726,10217726,0,80433853.0,80433853.0,0.0,4773,4773,OK
datos_semana_1105.csv,7950522,7950522,0,68406634.0,68406634.0,0.0,3587,3587,OK
datos_semana_1106.csv,9523907,9523907,0,85684022.0,85684022.0,0.0,4118,4118,OK
datos_semana_1107.csv,10253803,10253803,0,92793768.0,92793768.0,0.0,3875,3875,OK
datos_semana_1108.csv,8082177,8082177,0,74019028.0,74019028.0,0.0,2918,2918,OK
datos_semana_1109.csv,10992054,10992054,0,105679023.0,105679023.0,0.0,3567,3567,OK
datos_semana_1110.csv,7631865,7631865,0,72897089.0,72897089.0,0.0,2650,2650,OK
datos_semana_1111.csv,7750196,7750196,0,77026123.0,77026123.0,0.0,2739,2739,OK
datos_semana_1112.csv,6989572,6989572,0,73050526.0,73050526.0,0.0,2589,2589,OK
datos_semana_1113.csv,5965113,5965113,0,64744866.0,64744866.0,0.0,2303,2303,OK
datos_semana_1114.csv,3083275,3083275,0,37605139.0,37605139.0,0.0,1482,1482,OK
datos_semana_1115.csv,3391063,3391063,0,42891531.0,42891531.0,0.0,1624,1624,OK
datos_semana_1116.csv,4568657,4568657,0,57656968.0,57656968.0,0.0,2015,2015,OK
datos_semana_1117.csv,4775917,4775917,0,62161066.0,62161066.0,0.0,1785,1785,OK
datos_semana_1118.csv,3331087,3331087,0,45422331.0,45422331.0,0.0,1551,1551,OK
datos_semana_1119.csv,5466265,5466265,0,76284674.0,76284674.0,0.0,2119,2119,OK
datos_semana_1120.csv,818019,818019,0,12460715.0,12460715.0,0.0,530,530,OK
datos_semana_1121.csv,4493994,4493994,0,63558897.0,63558897.0,0.0,2107,2107,OK
datos_semana_1122.csv,3483853,3483853,0,50674999.0,50674999.0,0.0,1658,1658,OK
datos_semana_1123.csv,4909805,4909805,0,72398735.0,72398735.0,0.0,1828,1828,OK
datos_semana_1124.csv,1439848,1439848,0,21669177.0,21669177.0,0.0,726,726,OK
datos_semana_1125.csv,1806204,1806204,0,26467714.0,26467714.0,0.0,940,940,OK
datos_semana_1126.csv,4359490,4359490,0,65104166.0,65104166.0,0.0,1796,1796,OK
datos_semana_1127.csv,4002581,4002581,0,59696181.0,59696181.0,0.0,1639,1639,OK
datos_semana_1128.csv,3823371,3823371,0,57440624.0,57440624.0,0.0,1634,1634,OK
datos_semana_1129.csv,2064550,2064550,0,32091241.0,32091241.0,0.0,1010,1010,OK
datos_semana_1130.csv,2327837,2327837,0,34860111.0,34860111.0,0.0,1000,1000,OK
datos_semana_1131.csv,3412082,3412082,0,51514168.0,51514168.0,0.0,1456,1456,OK
datos_semana_1132.csv,2610814,2610814,0,39766823.0,39766823.0,0.0,1076,1076,OK
datos_semana_1133.csv,2516292,2516292,0,36769935.0,36769935.0,0.0,1142,1142,OK
datos_semana_1134.csv,2663160,2663160,0,37125220.0,37125220.0,0.0,948,948,OK
datos_semana_1135.csv,2554954,2554954,0,36373769.0,36373769.0,0.0,928,928,OK
datos_semana_1136.csv,2851673,2851673,0,37314829.0,37314829.0,0.0,998,998,OK
datos_semana_1137.csv,2614754,2614754,0,30830452.0,30830452.0,0.0,895,895,OK
datos_semana_1138.csv,3008493,3008493,0,33582405.0,33582405.0,0.0,800,800,OK
datos_semana_1139.csv,1366545,1366545,0,13951379.0,13951379.0,0.0,545,545,OK
datos_semana_1140.csv,2121798,2121798,0,20171367.0,20171367.0,0.0,594,594,OK
datos_semana_1141.csv,1430915,1430915,0,13381273.0,13381273.0,0.0,554,554,OK
datos_semana_1142.csv,1487348,1487348,0,12596394.0,12596394.0,0.0,780,780,OK
datos_semana_1143.csv,2214304,2214304,0,15107026.0,15107026.0,0.0,1329,1329,OK
datos_semana_1144.csv,3608113,3608113,0,20224195.0,20224195.0,0.0,1695,1695,OK
datos_semana_1145.csv,4229816,4229816,0,23036788.0,23036788.0,0.0,1800,1800,OK
datos_semana_1146.csv,14089778,14089778,0,63763252.0,63763252.0,0.0,3847,3847,OK
datos_semana_1147.csv,13726006,13726006,0,62629602.0,62629602.0,0.0,4348,4348,OK
datos_semana_1148.csv,17194462,17194462,0,76272452.0,76272452.0,0.0,4661,4661,OK
datos_semana_1149.csv,25653077,25653077,0,113949049.0,113949049.0,0.0,7143,7143,OK
datos_semana_1150.csv,14623762,14623762,0,69653033.0,69653033.0,0.0,5517,5517,OK
datos_semana_1151.csv,12704338,12704338,0,63479154.0,63479154.0,0.0,4504,4504,OK
datos_semana_1152.csv,14322760,14322760,0,73994145.0,73994145.0,0.0,5322,5322,OK
datos_semana_1153.csv,8822819,8822819,0,53252204.0,53252204.0,0.0,4104,4104,OK
datos_semana_1154.csv,11527801,11527801,0,81610635.0,81610635.0,0.0,5155,5155,OK
datos_semana_1155.csv,6675253,6675253,0,51846476.0,51846476.0,0.0,3468,3468,OK
datos_semana_1156.csv,10062878,10062878,0,78693904.0,78693904.0,0.0,4481,4481,OK
datos_semana_1157.csv,12721855,12721855,0,104853190.0,104853190.0,0.0,5234,5234,OK
datos_semana_1158.csv,10749688,10749688,0,94024760.0,94024760.0,0.0,4728,4728,OK
datos_semana_1159.csv,9937752,9937752,0,87705840.0,87705840.0,0.0,4212,4212,OK
datos_semana_1160.csv,10778457,10778457,0,98413448.0,98413448.0,0.0,4456,4456,OK
datos_semana_1161.csv,11134598,11134598,0,100828800.0,100828800.0,0.0,3871,3871,OK
datos_semana_1162.csv,10722475,10722475,0,103236173.0,103236173.0,0.0,3764,3764,OK
datos_semana_1163.csv,7843401,7843401,0,76146949.0,76146949.0,0.0,2705,2705,OK
datos_semana_1164.csv,9827143,9827143,0,93760368.0,93760368.0,0.0,3206,3206,OK
datos_semana_1165.csv,6382810,6382810,0,68115113.0,68115113.0,0.0,2492,2492,OK
datos_semana_1166.csv,5357673,5357673,0,54787861.0,54787861.0,0.0,1916,1916,OK
datos_semana_1167.csv,5166303,5166303,0,61637898.0,61637898.0,0.0,2187,2187,OK
datos_semana_1168.csv,5480932,5480932,0,70952200.0,70952200.0,0.0,2322,2322,OK
datos_semana_1169.csv,3026718,3026718,0,41089015.0,41089015.0,0.0,1551,1551,OK
datos_semana_1170.csv,4311159,4311159,0,60672463.0,60672463.0,0.0,1967,1967,OK
datos_semana_1171.csv,3588051,3588051,0,51875695.0,51875695.0,0.0,1852,1852,OK
datos_semana_1172.csv,3923285,3923285,0,57346070.0,57346070.0,0.0,1864,1864,OK
datos_semana_1173.csv,3325418,3325418,0,49898415.0,49898415.0,0.0,1765,1765,OK
datos_semana_1174.csv,2631847,2631847,0,39553976.0,39553976.0,0.0,1362,1362,OK
datos_semana_1175.csv,2581714,2581714,0,39708412.0,39708412.0,0.0,1269,1269,OK
datos_semana_1176.csv,1813946,1813946,0,27511922.0,27511922.0,0.0,1032,1032,OK
datos_semana_1177.csv,3927061,3927061,0,59568823.0,59568823.0,0.0,1629,1629,OK
datos_semana_1178.csv,2096708,2096708,0,33090309.0,33090309.0,0.0,1137,1137,OK
datos_semana_1179.csv,3424491,3424491,0,53528246.0,53528246.0,0.0,1654,1654,OK
datos_semana_1180.csv,2073055,2073055,0,33219810.0,33219810.0,0.0,1216,1216,OK
datos_semana_1181.csv,3195537,3195537,0,48440548.0,48440548.0,0.0,1503,1503,OK
datos_semana_1182.csv,1095757,1095757,0,18611750.0,18611750.0,0.0,693,693,OK
datos_semana_1183.csv,3331107,3331107,0,51323348.0,51323348.0,0.0,1424,1424,OK
datos_semana_1184.csv,2163207,2163207,0,32967696.0,32967696.0,0.0,1075,1075,OK
datos_semana_1185.csv,2497406,2497406,0,37014954.0,37014954.0,0.0,1000,1000,OK
datos_semana_1186.csv,1876374,1876374,0,26840367.0,26840367.0,0.0,909,909,OK
datos_semana_1187.csv,2045823,2045823,0,27740968.0,27740968.0,0.0,801,801,OK
datos_semana_1188.csv,2222105,2222105,0,28976652.0,28976652.0,0.0,865,865,OK
datos_semana_1189.csv,1858522,1858522,0,21574168.0,21574168.0,0.0,671,671,OK
datos_semana_1190.csv,2115934,2115934,0,25276311.0,25276311.0,0.0,721,721,OK
datos_semana_1191.csv,1703511,1703511,0,18509432.0,18509432.0,0.0,602,602,OK
datos_semana_1192.csv,1287323,1287323,0,13619854.0,13619854.0,0.0,537,537,OK
datos_semana_1193.csv,1772582,1772582,0,17805853.0,17805853.0,0.0,616,616,OK
datos_semana_1194.csv,1814639,1814639,0,15009283.0,15009283.0,0.0,938,938,OK
datos_semana_1195.csv,2824984,2824984,0,15856339.0,15856339.0,0.0,1595,1595,OK
datos_semana_1196.csv,5793449,5793449,0,31306754.0,31306754.0,0.0,2110,2110,OK
datos_semana_1197.csv,15768925,15768925,0,68750288.0,68750288.0,0.0,3623,3623,OK
datos_semana_1198.csv,19504299,19504299,0,86369000.0,86369000.0,0.0,5001,5001,OK
datos_semana_1199.csv,29724182,29724182,0,129455568.0,129455568.0,0.0,7015,7015,OK
datos_semana_1200.csv,24628453,24628453,0,107535808.0,107535808.0,0.0,7220,7220,OK
datos_semana_1201.csv,12861105,12861105,0,62201517.0,62201517.0,0.0,5010,5010,OK
datos_semana_1202.csv,6450320,6450320,0,32976281.0,32976281.0,0.0,2796,2796,OK
datos_semana_1203.csv,10983253,10983253,0,56587249.0,56587249.0,0.0,4310,4310,OK
datos_semana_1204.csv,6512306,6512306,0,42001488.0,42001488.0,0.0,3022,3022,OK
datos_semana_1205.csv,7875797,7875797,0,55084832.0,55084832.0,0.0,3632,3632,OK
datos_semana_1206.csv,10572480,10572480,0,79949342.0,79949342.0,0.0,4322,4322,OK
datos_semana_1207.csv,10481224,10481224,0,83783852.0,83783852.0,0.0,4331,4331,OK
datos_semana_1208.csv,12413138,12413138,0,101886494.0,101886494.0,0.0,4610,4610,OK
datos_semana_1209.csv,9259676,9259676,0,80673944.0,80673944.0,0.0,4269,4269,OK
datos_semana_1210.csv,7872555,7872555,0,70735867.0,70735867.0,0.0,3663,3663,OK
datos_semana_1211.csv,9042020,9042020,0,82648048.0,82648048.0,0.0,3755,3755,OK
datos_semana_1212.csv,8251921,8251921,0,77567226.0,77567226.0,0.0,3421,3421,OK
datos_semana_1213.csv,8748735,8748735,0,81603660.0,81603660.0,0.0,3347,3347,OK
datos_semana_1214.csv,6158566,6158566,0,58865873.0,58865873.0,0.0,2446,2446,OK
datos_semana_1215.csv,7068923,7068923,0,70389252.0,70389252.0,0.0,2634,2634,OK
datos_semana_1216.csv,5009487,5009487,0,52840891.0,52840891.0,0.0,2093,2093,OK
datos_semana_1217.csv,4638981,4638981,0,51041711.0,51041711.0,0.0,1963,1963,OK
datos_semana_1218.csv,3787897,3787897,0,45021407.0,45021407.0,0.0,1697,1697,OK
datos_semana_1219.csv,3449981,3449981,0,44736464.0,44736464.0,0.0,1532,1532,OK
datos_semana_1220.csv,3318221,3318221,0,45051282.0,45051282.0,0.0,1649,1649,OK
datos_semana_1221.csv,3509069,3509069,0,49590458.0,49590458.0,0.0,1726,1726,OK
datos_semana_1222.csv,1844148,1844148,0,27765191.0,27765191.0,0.0,1052,1052,OK
datos_semana_1223.csv,3316598,3316598,0,49298421.0,49298421.0,0.0,1623,1623,OK
datos_semana_1224.csv,3148573,3148573,0,46448604.0,46448604.0,0.0,1539,1539,OK
datos_semana_1225.csv,4347737,4347737,0,66851220.0,66851220.0,0.0,1872,1872,OK
datos_semana_1226.csv,2206638,2206638,0,33651810.0,33651810.0,0.0,1179,1179,OK
datos_semana_1227.csv,3151987,3151987,0,48798283.0,48798283.0,0.0,1448,1448,OK
datos_semana_1228.csv,2856964,2856964,0,44067837.0,44067837.0,0.0,1355,1355,OK
datos_semana_1229.csv,3064029,3064029,0,46886550.0,46886550.0,0.0,1582,1582,OK
datos_semana_1230.csv,2558741,2558741,0,38766519.0,38766519.0,0.0,1257,1257,OK
datos_semana_1231.csv,2652509,2652509,0,40238222.0,40238222.0,0.0,1385,1385,OK
datos_semana_1232.csv,2565190,2565190,0,39384446.0,39384446.0,0.0,1209,1209,OK
datos_semana_1233.csv,2325384,2325384,0,36360853.0,36360853.0,0.0,1125,1125,OK
datos_semana_1234.csv,3531567,3531567,0,54229037.0,54229037.0,0.0,1348,1348,OK
datos_semana_1235.csv,2587693,2587693,0,40194808.0,40194808.0,0.0,1114,1114,OK
datos_semana_1236.csv,1647161,1647161,0,24900546.0,24900546.0,0.0,698,698,OK
datos_semana_1237.csv,3108246,3108246,0,46181916.0,46181916.0,0.0,1090,1090,OK
datos_semana_1238.csv,2547379,2547379,0,36829223.0,36829223.0,0.0,945,945,OK
datos_semana_1239.csv,2735816,2735816,0,36411426.0,36411426.0,0.0,868,868,OK
datos_semana_1240.csv,2607620,2607620,0,33334187.0,33334187.0,0.0,750,750,OK
datos_semana_1241.csv,2777606,2777606,0,33291075.0,33291075.0,0.0,753,753,OK
datos_semana_1242.csv,1945370,1945370,0,21597338.0,21597338.0,0.0,534,534,OK
datos_semana_1243.csv,1898326,1898326,0,19209224.0,19209224.0,0.0,524,524,OK
datos_semana_1244.csv,1437418,1437418,0,14463995.0,14463995.0,0.0,509,509,OK
datos_semana_1245.csv,1142534,1142534,0,10208657.0,10208657.0,0.0,418,418,OK
datos_semana_1246.csv,1505350,1505350,0,12737924.0,12737924.0,0.0,810,810,OK
datos_semana_1247.csv,2132201,2132201,0,13689860.0,13689860.0,0.0,1210,1210,OK
datos_semana_1248.csv,2862872,2862872,0,15617463.0,15617463.0,0.0,1590,1590,OK
datos_semana_1249.csv,5819964,5819964,0,28412315.0,28412315.0,0.0,2593,2593,OK
datos_semana_1250.csv,8609194,8609194,0,39364282.0,39364282.0,0.0,3296,3296,OK
datos_semana_1251.csv,9817144,9817144,0,45053250.0,45053250.0,0.0,3509,3509,OK
datos_semana_1252.csv,29869448,29869448,0,123202184.0,123202184.0,0.0,6834,6834,OK
datos_semana_1253.csv,22669745,22669745,0,96295659.0,96295659.0,0.0,6337,6337,OK
datos_semana_1254.csv,12848320,12848320,0,53431149.0,53431149.0,0.0,3440,3440,OK
datos_semana_1255.csv,29627589,29627589,0,126301373.0,126301373.0,0.0,7672,7672,OK
datos_semana_1256.csv,13207034,13207034,0,67745295.0,67745295.0,0.0,5285,5285,OK
datos_semana_1257.csv,9247050,9247050,0,58276595.0,58276595.0,0.0,4281,4281,OK
datos_semana_1258.csv,7082204,7082204,0,45887244.0,45887244.0,0.0,3803,3803,OK
datos_semana_1259.csv,10513387,10513387,0,74362353.0,74362353.0,0.0,5061,5061,OK
datos_semana_1260.csv,8170222,8170222,0,61902804.0,61902804.0,0.0,3932,3932,OK
datos_semana_1261.csv,12826939,12826939,0,96474277.0,96474277.0,0.0,4204,4204,OK
datos_semana_1262.csv,10043804,10043804,0,83941686.0,83941686.0,0.0,4099,4099,OK
datos_semana_1263.csv,7059154,7059154,0,66663863.0,66663863.0,0.0,3190,3190,OK
datos_semana_1264.csv,11476650,11476650,0,104894433.0,104894433.0,0.0,4553,4553,OK
datos_semana_1265.csv,8465138,8465138,0,81546036.0,81546036.0,0.0,3500,3500,OK
datos_semana_1266.csv,9062156,9062156,0,85355039.0,85355039.0,0.0,3406,3406,OK
datos_semana_1267.csv,5997026,5997026,0,61552864.0,61552864.0,0.0,2439,2439,OK
datos_semana_1268.csv,8499137,8499137,0,82153902.0,82153902.0,0.0,3021,3021,OK
datos_semana_1269.csv,7373715,7373715,0,75478386.0,75478386.0,0.0,2685,2685,OK
datos_semana_1270.csv,5629164,5629164,0,62416436.0,62416436.0,0.0,2162,2162,OK
datos_semana_1271.csv,4269617,4269617,0,50621131.0,50621131.0,0.0,1787,1787,OK
datos_semana_1272.csv,3660774,3660774,0,49870696.0,49870696.0,0.0,1627,1627,OK
datos_semana_1273.csv,3669786,3669786,0,50873787.0,50873787.0,0.0,1758,1758,OK
datos_semana_1274.csv,3265505,3265505,0,46205182.0,46205182.0,0.0,1551,1551,OK
datos_semana_1275.csv,3719166,3719166,0,55139836.0,55139836.0,0.0,1852,1852,OK
datos_semana_1276.csv,2489192,2489192,0,37340646.0,37340646.0,0.0,1370,1370,OK
datos_semana_1277.csv,2714787,2714787,0,41783801.0,41783801.0,0.0,1332,1332,OK
datos_semana_1278.csv,3588307,3588307,0,53700431.0,53700431.0,0.0,1535,1535,OK
datos_semana_1279.csv,3889700,3889700,0,59053589.0,59053589.0,0.0,1560,1560,OK
datos_semana_1280.csv,3421623,3421623,0,51849718.0,51849718.0,0.0,1516,1516,OK
datos_semana_1281.csv,3747629,3747629,0,57753604.0,57753604.0,0.0,1716,1716,OK
datos_semana_1282.csv,3058342,3058342,0,46261253.0,46261253.0,0.0,1391,1391,OK
datos_semana_1283.csv,3071613,3071613,0,47870978.0,47870978.0,0.0,1459,1459,OK
datos_semana_1284.csv,1348223,1348223,0,21347590.0,21347590.0,0.0,684,684,OK
datos_semana_1285.csv,3971047,3971047,0,60995828.0,60995828.0,0.0,1530,1530,OK
datos_semana_1286.csv,3936468,3936468,0,59646423.0,59646423.0,0.0,1486,1486,OK
datos_semana_1287.csv,3258618,3258618,0,49247357.0,49247357.0,0.0,1312,1312,OK
datos_semana_1288.csv,1133245,1133245,0,16902976.0,16902976.0,0.0,385,385,OK
datos_semana_1289.csv,2924253,2924253,0,43178105.0,43178105.0,0.0,1070,1070,OK
datos_semana_1290.csv,4042609,4042609,0,55783421.0,55783421.0,0.0,1336,1336,OK
datos_semana_1291.csv,1490425,1490425,0,21010347.0,21010347.0,0.0,544,544,OK
datos_semana_1292.csv,2554757,2554757,0,34422029.0,34422029.0,0.0,772,772,OK
datos_semana_1293.csv,2785097,2785097,0,37649268.0,37649268.0,0.0,819,819,OK
datos_semana_1294.csv,1729833,1729833,0,21342368.0,21342368.0,0.0,630,630,OK
datos_semana_1295.csv,1802505,1802505,0,23589870.0,23589870.0,0.0,710,710,OK
datos_semana_1296.csv,2144490,2144490,0,24778299.0,24778299.0,0.0,718,718,OK
datos_semana_1297.csv,1591091,1591091,0,16292379.0,16292379.0,0.0,598,598,OK
datos_semana_1298.csv,1872727,1872727,0,15623158.0,15623158.0,0.0,1059,1059,OK
datos_semana_1299.csv,2966086,2966086,0,19587667.0,19587667.0,0.0,1407,1407,OK
datos_semana_1300.csv,8103765,8103765,0,40679165.0,40679165.0,0.0,2575,2575,OK
datos_semana_1301.csv,14486402,14486402,0,64867651.0,64867651.0,0.0,3322,3322,OK
datos_semana_1302.csv,23637925,23637925,0,100751863.0,100751863.0,0.0,4320,4320,OK
datos_semana_1303.csv,28847437,28847437,0,121307218.0,121307218.0,0.0,5406,5406,OK
datos_semana_1304.csv,37900300,37900300,0,153090045.0,153090045.0,0.0,6578,6578,OK
datos_semana_1305.csv,29131744,29131744,0,122697714.0,122697714.0,0.0,6497,6497,OK
datos_semana_1306.csv,21609412,21609412,0,91759242.0,91759242.0,0.0,4920,4920,OK
datos_semana_1307.csv,20758474,20758474,0,98422358.0,98422358.0,0.0,5776,5776,OK
datos_semana_1308.csv,9211084,9211084,0,56406005.0,56406005.0,0.0,4053,4053,OK
datos_semana_1309.csv,11086827,11086827,0,74624382.0,74624382.0,0.0,4800,4800,OK
datos_semana_1310.csv,12117671,12117671,0,82563614.0,82563614.0,0.0,5150,5150,OK
datos_semana_1311.csv,8055732,8055732,0,61138679.0,61138679.0,0.0,3762,3762,OK
datos_semana_1312.csv,9833780,9833780,0,72949937.0,72949937.0,0.0,3925,3925,OK
datos_semana_1313.csv,11123914,11123914,0,91112617.0,91112617.0,0.0,4333,4333,OK
datos_semana_1314.csv,10556554,10556554,0,90927041.0,90927041.0,0.0,4314,4314,OK
datos_semana_1315.csv,3720997,3720997,0,32341934.0,32341934.0,0.0,1588,1588,OK
datos_semana_558.csv,1034658,1034658,0,15419946.0,15419946.0,0.0,681,681,OK
datos_semana_559.csv,1943726,1943726,0,24813224.0,24813224.0,0.0,907,907,OK
datos_semana_560.csv,1359843,1359843,0,17917222.0,17917222.0,0.0,747,747,OK
datos_semana_561.csv,1326899,1326899,0,15470344.0,15470344.0,0.0,621,621,OK
datos_semana_562.csv,1216189,1216189,0,15469166.0,15469166.0,0.0,704,704,OK
datos_semana_563.csv,1449763,1449763,0,17592193.0,17592193.0,0.0,726,726,OK
datos_semana_564.csv,1424978,1424978,0,16027167.0,16027167.0,0.0,677,677,OK
datos_semana_565.csv,1061539,1061539,0,13359064.0,13359064.0,0.0,602,602,OK
datos_semana_566.csv,1179695,1179695,0,13393688.0,13393688.0,0.0,571,571,OK
datos_semana_567.csv,1050693,1050693,0,11087467.0,11087467.0,0.0,518,518,OK
datos_semana_568.csv,1107780,1107780,0,11136385.0,11136385.0,0.0,687,687,OK
datos_semana_569.csv,1587849,1587849,0,13493185.0,13493185.0,0.0,1003,1003,OK
datos_semana_570.csv,2096267,2096267,0,14698562.0,14698562.0,0.0,1312,1312,OK
datos_semana_571.csv,3087242,3087242,0,19296799.0,19296799.0,0.0,1763,1763,OK
datos_semana_572.csv,5225244,5225244,0,29692852.0,29692852.0,0.0,2499,2499,OK
datos_semana_573.csv,4468350,4468350,0,27454884.0,27454884.0,0.0,2228,2228,OK
datos_semana_574.csv,8475946,8475946,0,51242010.0,51242010.0,0.0,2670,2670,OK
datos_semana_575.csv,7439960,7439960,0,49604177.0,49604177.0,0.0,2793,2793,OK
datos_semana_576.csv,5431015,5431015,0,37683262.0,37683262.0,0.0,2389,2389,OK
datos_semana_577.csv,8482079,8482079,0,62061259.0,62061259.0,0.0,3282,3282,OK
datos_semana_578.csv,5650004,5650004,0,41687330.0,41687330.0,0.0,2612,2612,OK
datos_semana_579.csv,8089274,8089274,0,58028928.0,58028928.0,0.0,3319,3319,OK
datos_semana_580.csv,9844442,9844442,0,76788164.0,76788164.0,0.0,3925,3925,OK
datos_semana_581.csv,10142514,10142514,0,76377294.0,76377294.0,0.0,4123,4123,OK
datos_semana_582.csv,10753004,10753004,0,84769245.0,84769245.0,0.0,4426,4426,OK
datos_semana_583.csv,11385780,11385780,0,93536608.0,93536608.0,0.0,4673,4673,OK
datos_semana_584.csv,12338517,12338517,0,105746445.0,105746445.0,0.0,4655,4655,OK
datos_semana_585.csv,11267695,11267695,0,99740455.0,99740455.0,0.0,4052,4052,OK
datos_semana_586.csv,15271911,15271911,0,134850821.0,134850821.0,0.0,4371,4371,OK
datos_semana_587.csv,15141016,15141016,0,144295682.0,144295682.0,0.0,4231,4231,OK
datos_semana_588.csv,11569682,11569682,0,108693635.0,108693635.0,0.0,3571,3571,OK
datos_semana_589.csv,11737954,11737954,0,113451231.0,113451231.0,0.0,3762,3762,OK
datos_semana_590.csv,11362820,11362820,0,114555349.0,114555349.0,0.0,3675,3675,OK
datos_semana_591.csv,6819442,6819442,0,71091984.0,71091984.0,0.0,2486,2486,OK
datos_semana_592.csv,7640152,7640152,0,84122555.0,84122555.0,0.0,2701,2701,OK
datos_semana_593.csv,6764851,6764851,0,81757009.0,81757009.0,0.0,2578,2578,OK
datos_semana_594.csv,4880244,4880244,0,59770829.0,59770829.0,0.0,1971,1971,OK
datos_semana_595.csv,5826346,5826346,0,71756921.0,71756921.0,0.0,2322,2322,OK
datos_semana_596.csv,3622133,3622133,0,48330983.0,48330983.0,0.0,1600,1600,OK
datos_semana_597.csv,4100529,4100529,0,57849850.0,57849850.0,0.0,1932,1932,OK
datos_semana_598.csv,2645286,2645286,0,37336797.0,37336797.0,0.0,1440,1440,OK
datos_semana_599.csv,2886949,2886949,0,41921632.0,41921632.0,0.0,1497,1497,OK
datos_semana_600.csv,2772540,2772540,0,42274197.0,42274197.0,0.0,1495,1495,OK
datos_semana_601.csv,3379505,3379505,0,49547889.0,49547889.0,0.0,1501,1501,OK
datos_semana_602.csv,2699330,2699330,0,39881414.0,39881414.0,0.0,1387,1387,OK
datos_semana_603.csv,1948281,1948281,0,29207486.0,29207486.0,0.0,1091,1091,OK
datos_semana_604.csv,2491352,2491352,0,37351448.0,37351448.0,0.0,1238,1238,OK
datos_semana_605.csv,2522049,2522049,0,36394335.0,36394335.0,0.0,1194,1194,OK
datos_semana_606.csv,2197015,2197015,0,32563109.0,32563109.0,0.0,1043,1043,OK
datos_semana_607.csv,1724117,1724117,0,24683962.0,24683962.0,0.0,861,861,OK
datos_semana_608.csv,2349101,2349101,0,32292769.0,32292769.0,0.0,1163,1163,OK
datos_semana_609.csv,1976202,1976202,0,28434408.0,28434408.0,0.0,1010,1010,OK
datos_semana_610.csv,1611059,1611059,0,22656735.0,22656735.0,0.0,845,845,OK
datos_semana_611.csv,1890726,1890726,0,25441776.0,25441776.0,0.0,904,904,OK
datos_semana_612.csv,1865158,1865158,0,23867891.0,23867891.0,0.0,784,784,OK
datos_semana_613.csv,1346841,1346841,0,14817208.0,14817208.0,0.0,553,553,OK
datos_semana_614.csv,1349323,1349323,0,15159827.0,15159827.0,0.0,496,496,OK
datos_semana_615.csv,1509749,1509749,0,17082984.0,17082984.0,0.0,564,564,OK
datos_semana_616.csv,1220824,1220824,0,13326229.0,13326229.0,0.0,454,454,OK
datos_semana_617.csv,970050,970050,0,10097310.0,10097310.0,0.0,402,402,OK
datos_semana_618.csv,1128163,1128163,0,9398863.0,9398863.0,0.0,363,363,OK
datos_semana_619.csv,694091,694091,0,6684670.0,6684670.0,0.0,337,337,OK
datos_semana_620.csv,879698,879698,0,6433438.0,6433438.0,0.0,496,496,OK
datos_semana_621.csv,1243008,1243008,0,6920180.0,6920180.0,0.0,782,782,OK
datos_semana_622.csv,1986253,1986253,0,10277927.0,10277927.0,0.0,1271,1271,OK
datos_semana_623.csv,4189923,4189923,0,20908781.0,20908781.0,0.0,2107,2107,OK
datos_semana_624.csv,5607471,5607471,0,29478032.0,29478032.0,0.0,2545,2545,OK
datos_semana_625.csv,7495714,7495714,0,39456123.0,39456123.0,0.0,3114,3114,OK
datos_semana_626.csv,8375700,8375700,0,49859169.0,49859169.0,0.0,3006,3006,OK
datos_semana_627.csv,6212993,6212993,0,39614829.0,39614829.0,0.0,2451,2451,OK
datos_semana_628.csv,8103653,8103653,0,51276593.0,51276593.0,0.0,3344,3344,OK
datos_semana_629.csv,6457735,6457735,0,45243136.0,45243136.0,0.0,2650,2650,OK
datos_semana_630.csv,7684590,7684590,0,56216761.0,56216761.0,0.0,3148,3148,OK
datos_semana_631.csv,8427613,8427613,0,62504137.0,62504137.0,0.0,3577,3577,OK
datos_semana_632.csv,8928247,8928247,0,65887336.0,65887336.0,0.0,3678,3678,OK
datos_semana_633.csv,12142233,12142233,0,95139456.0,95139456.0,0.0,4946,4946,OK
datos_semana_634.csv,9277434,9277434,0,76779424.0,76779424.0,0.0,4035,4035,OK
datos_semana_635.csv,10828740,10828740,0,88236579.0,88236579.0,0.0,4363,4363,OK
datos_semana_636.csv,12367521,12367521,0,107305542.0,107305542.0,0.0,4580,4580,OK
datos_semana_637.csv,12610115,12610115,0,111350109.0,111350109.0,0.0,4395,4395,OK
datos_semana_638.csv,13653517,13653517,0,123168256.0,123168256.0,0.0,4483,4483,OK
datos_semana_639.csv,12806342,12806342,0,117315456.0,117315456.0,0.0,4094,4094,OK
datos_semana_640.csv,13327327,13327327,0,125461109.0,125461109.0,0.0,4093,4093,OK
datos_semana_641.csv,9067645,9067645,0,87807073.0,87807073.0,0.0,3140,3140,OK
datos_semana_642.csv,7661513,7661513,0,80514502.0,80514502.0,0.0,2741,2741,OK
datos_semana_643.csv,6311405,6311405,0,67147094.0,67147094.0,0.0,2401,2401,OK
datos_semana_644.csv,7557111,7557111,0,82177686.0,82177686.0,0.0,2540,2540,OK
datos_semana_645.csv,5946664,5946664,0,68655147.0,68655147.0,0.0,2213,2213,OK
datos_semana_646.csv,3976456,3976456,0,47527308.0,47527308.0,0.0,1687,1687,OK
datos_semana_647.csv,6109873,6109873,0,75149325.0,75149325.0,0.0,2344,2344,OK
datos_semana_648.csv,3855297,3855297,0,48865372.0,48865372.0,0.0,1755,1755,OK
datos_semana_649.csv,3966790,3966790,0,52923453.0,52923453.0,0.0,1887,1887,OK
datos_semana_650.csv,3334620,3334620,0,46427041.0,46427041.0,0.0,1628,1628,OK
datos_semana_651.csv,3711661,3711661,0,51355612.0,51355612.0,0.0,1653,1653,OK
datos_semana_652.csv,3110416,3110416,0,45484656.0,45484656.0,0.0,1465,1465,OK
datos_semana_653.csv,3397834,3397834,0,49183560.0,49183560.0,0.0,1593,1593,OK
datos_semana_654.csv,3051412,3051412,0,45422423.0,45422423.0,0.0,1486,1486,OK
datos_semana_655.csv,2415157,2415157,0,36974518.0,36974518.0,0.0,1311,1311,OK
datos_semana_656.csv,2979671,2979671,0,44268970.0,44268970.0,0.0,1431,1431,OK
datos_semana_657.csv,2355491,2355491,0,33583578.0,33583578.0,0.0,1245,1245,OK
datos_semana_658.csv,2750050,2750050,0,39358250.0,39358250.0,0.0,1355,1355,OK
datos_semana_659.csv,2528327,2528327,0,35741511.0,35741511.0,0.0,1215,1215,OK
datos_semana_660.csv,1936798,1936798,0,25652799.0,25652799.0,0.0,894,894,OK
datos_semana_661.csv,2167593,2167593,0,28897279.0,28897279.0,0.0,995,995,OK
datos_semana_662.csv,495737,495737,0,7965204.0,7965204.0,0.0,333,333,OK
datos_semana_663.csv,1889315,1889315,0,24037439.0,24037439.0,0.0,810,810,OK
datos_semana_664.csv,2134103,2134103,0,24621742.0,24621742.0,0.0,802,802,OK
datos_semana_665.csv,1408375,1408375,0,15611368.0,15611368.0,0.0,487,487,OK
datos_semana_666.csv,701877,701877,0,8760608.0,8760608.0,0.0,360,360,OK
datos_semana_667.csv,1355036,1355036,0,13638422.0,13638422.0,0.0,495,495,OK
datos_semana_668.csv,1188693,1188693,0,11572598.0,11572598.0,0.0,442,442,OK
datos_semana_669.csv,1016025,1016025,0,9110481.0,9110481.0,0.0,385,385,OK
datos_semana_670.csv,1075274,1075274,0,9577616.0,9577616.0,0.0,392,392,OK
datos_semana_671.csv,1183610,1183610,0,10072402.0,10072402.0,0.0,411,411,OK
datos_semana_672.csv,967336,967336,0,7788579.0,7788579.0,0.0,473,473,OK
datos_semana_673.csv,1040709,1040709,0,7862282.0,7862282.0,0.0,671,671,OK
datos_semana_674.csv,1815819,1815819,0,10327026.0,10327026.0,0.0,1134,1134,OK
datos_semana_675.csv,2670401,2670401,0,12716057.0,12716057.0,0.0,1627,1627,OK
datos_semana_676.csv,5195211,5195211,0,25371068.0,25371068.0,0.0,2487,2487,OK
datos_semana_677.csv,6578589,6578589,0,33296597.0,33296597.0,0.0,2966,2966,OK
datos_semana_678.csv,6308629,6308629,0,31437734.0,31437734.0,0.0,2570,2570,OK
datos_semana_679.csv,6781194,6781194,0,35366984.0,35366984.0,0.0,2727,2727,OK
datos_semana_680.csv,5579055,5579055,0,32668926.0,32668926.0,0.0,2313,2313,OK
datos_semana_681.csv,6179797,6179797,0,42129099.0,42129099.0,0.0,2707,2707,OK
datos_semana_682.csv,8620894,8620894,0,54214431.0,54214431.0,0.0,3273,3273,OK
datos_semana_683.csv,9114271,9114271,0,59533431.0,59533431.0,0.0,3917,3917,OK
datos_semana_684.csv,5956350,5956350,0,43105631.0,43105631.0,0.0,2338,2338,OK
datos_semana_685.csv,10492966,10492966,0,78038250.0,78038250.0,0.0,4302,4302,OK
datos_semana_686.csv,10178769,10178769,0,78751048.0,78751048.0,0.0,4027,4027,OK
datos_semana_687.csv,10687415,10687415,0,87971395.0,87971395.0,0.0,4371,4371,OK
datos_semana_688.csv,11193812,11193812,0,96241327.0,96241327.0,0.0,4299,4299,OK
datos_semana_689.csv,11990489,11990489,0,107387411.0,107387411.0,0.0,4308,4308,OK
datos_semana_690.csv,12713627,12713627,0,115977058.0,115977058.0,0.0,4195,4195,OK
datos_semana_691.csv,13895950,13895950,0,126267963.0,126267963.0,0.0,4278,4278,OK
datos_semana_692.csv,9601677,9601677,0,85647423.0,85647423.0,0.0,2575,2575,OK
datos_semana_693.csv,4037761,4037761,0,40151798.0,40151798.0,0.0,1472,1472,OK
datos_semana_694.csv,13643493,13643493,0,128208039.0,128208039.0,0.0,3871,3871,OK
datos_semana_695.csv,13162096,13162096,0,134653606.0,134653606.0,0.0,3955,3955,OK
datos_semana_696.csv,9348530,9348530,0,96516727.0,96516727.0,0.0,3044,3044,OK
datos_semana_697.csv,7965703,7965703,0,83085941.0,83085941.0,0.0,2725,2725,OK
datos_semana_698.csv,7984497,7984497,0,88761329.0,88761329.0,0.0,2860,2860,OK
datos_semana_699.csv,8510952,8510952,0,97869677.0,97869677.0,0.0,3002,3002,OK
datos_semana_700.csv,5390851,5390851,0,64747905.0,64747905.0,0.0,2068,2068,OK
datos_semana_701.csv,3328533,3328533,0,43615246.0,43615246.0,0.0,1598,1598,OK
datos_semana_702.csv,4593922,4593922,0,62489869.0,62489869.0,0.0,2097,2097,OK
datos_semana_703.csv,4008094,4008094,0,54439771.0,54439771.0,0.0,1876,1876,OK
datos_semana_704.csv,3850125,3850125,0,55452621.0,55452621.0,0.0,1728,1728,OK
datos_semana_705.csv,3360838,3360838,0,48715049.0,48715049.0,0.0,1612,1612,OK
datos_semana_706.csv,3466426,3466426,0,50212442.0,50212442.0,0.0,1585,1585,OK
datos_semana_707.csv,3026727,3026727,0,44040790.0,44040790.0,0.0,1376,1376,OK
datos_semana_708.csv,3242958,3242958,0,48964372.0,48964372.0,0.0,1427,1427,OK
datos_semana_709.csv,2729589,2729589,0,39939406.0,39939406.0,0.0,1425,1425,OK
datos_semana_710.csv,2703508,2703508,0,38726946.0,38726946.0,0.0,1412,1412,OK
datos_semana_711.csv,2209413,2209413,0,32152224.0,32152224.0,0.0,1200,1200,OK
datos_semana_712.csv,2687677,2687677,0,35353462.0,35353462.0,0.0,1227,1227,OK
datos_semana_713.csv,1409741,1409741,0,21557236.0,21557236.0,0.0,827,827,OK
datos_semana_714.csv,503457,503457,0,5484001.0,5484001.0,0.0,208,208,OK
datos_semana_715.csv,1895654,1895654,0,25146092.0,25146092.0,0.0,904,904,OK
datos_semana_716.csv,2754845,2754845,0,31344233.0,31344233.0,0.0,1010,1010,OK
datos_semana_717.csv,1376280,1376280,0,18449362.0,18449362.0,0.0,592,592,OK
datos_semana_718.csv,982570,982570,0,11941136.0,11941136.0,0.0,461,461,OK
datos_semana_719.csv,2063936,2063936,0,23365436.0,23365436.0,0.0,678,678,OK
datos_semana_720.csv,1198950,1198950,0,14376894.0,14376894.0,0.0,495,495,OK
datos_semana_721.csv,1360632,1360632,0,15934259.0,15934259.0,0.0,543,543,OK
datos_semana_722.csv,1845894,1845894,0,16461471.0,16461471.0,0.0,464,464,OK
datos_semana_723.csv,1164947,1164947,0,12057679.0,12057679.0,0.0,445,445,OK
datos_semana_724.csv,1160715,1160715,0,9838288.0,9838288.0,0.0,498,498,OK
datos_semana_725.csv,1971945,1971945,0,15065649.0,15065649.0,0.0,896,896,OK
datos_semana_726.csv,2048330,2048330,0,15315027.0,15315027.0,0.0,1151,1151,OK
datos_semana_727.csv,2279244,2279244,0,12336894.0,12336894.0,0.0,1314,1314,OK
datos_semana_728.csv,4927787,4927787,0,25722773.0,25722773.0,0.0,2333,2333,OK
datos_semana_729.csv,6322888,6322888,0,31668138.0,31668138.0,0.0,2870,2870,OK
datos_semana_730.csv,9941017,9941017,0,46963689.0,46963689.0,0.0,3377,3377,OK
datos_semana_731.csv,6491015,6491015,0,35958399.0,35958399.0,0.0,2344,2344,OK
datos_semana_732.csv,5514946,5514946,0,33560321.0,33560321.0,0.0,2252,2252,OK
datos_semana_733.csv,5219189,5219189,0,30963519.0,30963519.0,0.0,2098,2098,OK
datos_semana_734.csv,7738091,7738091,0,45376041.0,45376041.0,0.0,2630,2630,OK
datos_semana_735.csv,5811095,5811095,0,36035817.0,36035817.0,0.0,2313,2313,OK
datos_semana_736.csv,8349062,8349062,0,56375583.0,56375583.0,0.0,2795,2795,OK
datos_semana_737.csv,9049857,9049857,0,64198698.0,64198698.0,0.0,3188,3188,OK
datos_semana_738.csv,6300693,6300693,0,48728964.0,48728964.0,0.0,2678,2678,OK
datos_semana_739.csv,8134742,8134742,0,65606489.0,65606489.0,0.0,3280,3280,OK
datos_semana_740.csv,10575161,10575161,0,88697930.0,88697930.0,0.0,3778,3778,OK
datos_semana_741.csv,11408346,11408346,0,100233711.0,100233711.0,0.0,3772,3772,OK
datos_semana_742.csv,8777729,8777729,0,81292801.0,81292801.0,0.0,2936,2936,OK
datos_semana_743.csv,13131147,13131147,0,121919365.0,121919365.0,0.0,3911,3911,OK
datos_semana_744.csv,13210106,13210106,0,125001649.0,125001649.0,0.0,3920,3920,OK
datos_semana_745.csv,8475043,8475043,0,86217849.0,86217849.0,0.0,3125,3125,OK
datos_semana_746.csv,9108728,9108728,0,95743538.0,95743538.0,0.0,3138,3138,OK
datos_semana_747.csv,8183304,8183304,0,87437128.0,87437128.0,0.0,2950,2950,OK
datos_semana_748.csv,6220571,6220571,0,70731362.0,70731362.0,0.0,2308,2308,OK
datos_semana_749.csv,5322239,5322239,0,64233512.0,64233512.0,0.0,2254,2254,OK
datos_semana_750.csv,4655299,4655299,0,59820045.0,59820045.0,0.0,2069,2069,OK
datos_semana_751.csv,4375242,4375242,0,58718184.0,58718184.0,0.0,2066,2066,OK
datos_semana_752.csv,3721060,3721060,0,51930822.0,51930822.0,0.0,1869,1869,OK
datos_semana_753.csv,3200454,3200454,0,45363452.0,45363452.0,0.0,1785,1785,OK
datos_semana_754.csv,3707447,3707447,0,52981519.0,52981519.0,0.0,1782,1782,OK
datos_semana_755.csv,2621113,2621113,0,40598176.0,40598176.0,0.0,1495,1495,OK
datos_semana_756.csv,3239341,3239341,0,48926260.0,48926260.0,0.0,1787,1787,OK
datos_semana_757.csv,2601475,2601475,0,40935769.0,40935769.0,0.0,1474,1474,OK
datos_semana_758.csv,2906267,2906267,0,45332114.0,45332114.0,0.0,1477,1477,OK
datos_semana_759.csv,2564376,2564376,0,40368931.0,40368931.0,0.0,1374,1374,OK
datos_semana_760.csv,2774318,2774318,0,43203913.0,43203913.0,0.0,1452,1452,OK
datos_semana_761.csv,2093128,2093128,0,33093746.0,33093746.0,0.0,1080,1080,OK
datos_semana_762.csv,1593308,1593308,0,25203849.0,25203849.0,0.0,996,996,OK
datos_semana_763.csv,2015086,2015086,0,32161924.0,32161924.0,0.0,1143,1143,OK
datos_semana_764.csv,1890403,1890403,0,29385343.0,29385343.0,0.0,1054,1054,OK
datos_semana_765.csv,1455985,1455985,0,23030471.0,23030471.0,0.0,803,803,OK
datos_semana_766.csv,1884618,1884618,0,28600651.0,28600651.0,0.0,1013,1013,OK
datos_semana_767.csv,1723787,1723787,0,25442005.0,25442005.0,0.0,866,866,OK
datos_semana_768.csv,1480721,1480721,0,21373276.0,21373276.0,0.0,821,821,OK
datos_semana_769.csv,1734941,1734941,0,22418818.0,22418818.0,0.0,694,694,OK
datos_semana_770.csv,513981,513981,0,7563805.0,7563805.0,0.0,369,369,OK
datos_semana_771.csv,1672576,1672576,0,17214268.0,17214268.0,0.0,612,612,OK
datos_semana_772.csv,827816,827816,0,10390026.0,10390026.0,0.0,461,461,OK
datos_semana_773.csv,963778,963778,0,9400310.0,9400310.0,0.0,424,424,OK
datos_semana_774.csv,1194526,1194526,0,12399222.0,12399222.0,0.0,493,493,OK
datos_semana_775.csv,874628,874628,0,9467565.0,9467565.0,0.0,532,532,OK
datos_semana_776.csv,1195582,1195582,0,10751403.0,10751403.0,0.0,832,832,OK
datos_semana_777.csv,1978963,1978963,0,11174436.0,11174436.0,0.0,1239,1239,OK
datos_semana_778.csv,2476970,2476970,0,14820722.0,14820722.0,0.0,1798,1798,OK
datos_semana_779.csv,3832286,3832286,0,17890781.0,17890781.0,0.0,2332,2332,OK
datos_semana_780.csv,7884334,7884334,0,35452103.0,35452103.0,0.0,3810,3810,OK
datos_semana_781.csv,7289509,7289509,0,34331105.0,34331105.0,0.0,3452,3452,OK
datos_semana_782.csv,7230119,7230119,0,37397716.0,37397716.0,0.0,3509,3509,OK
datos_semana_783.csv,8822013,8822013,0,45462243.0,45462243.0,0.0,3873,3873,OK
datos_semana_784.csv,10200660,10200660,0,56440128.0,56440128.0,0.0,4023,4023,OK
datos_semana_785.csv,5338274,5338274,0,30333637.0,30333637.0,0.0,2619,2619,OK
datos_semana_786.csv,11218625,11218625,0,69842810.0,69842810.0,0.0,4260,4260,OK
datos_semana_787.csv,6726143,6726143,0,43435020.0,43435020.0,0.0,3234,3234,OK
datos_semana_788.csv,9583582,9583582,0,66893480.0,66893480.0,0.0,3970,3970,OK
datos_semana_789.csv,8884925,8884925,0,63971547.0,63971547.0,0.0,3926,3926,OK
datos_semana_790.csv,7739326,7739326,0,60578706.0,60578706.0,0.0,3322,3322,OK
datos_semana_791.csv,12000561,12000561,0,95792200.0,95792200.0,0.0,4455,4455,OK
datos_semana_792.csv,11044706,11044706,0,93524942.0,93524942.0,0.0,3906,3906,OK
datos_semana_793.csv,10154995,10154995,0,91404429.0,91404429.0,0.0,3463,3463,OK
datos_semana_794.csv,11372525,11372525,0,101532242.0,101532242.0,0.0,3690,3690,OK
datos_semana_795.csv,14160331,14160331,0,125593604.0,125593604.0,0.0,4109,4109,OK
datos_semana_796.csv,13035099,13035099,0,120955447.0,120955447.0,0.0,3473,3473,OK
datos_semana_797.csv,7986450,7986450,0,82178692.0,82178692.0,0.0,2915,2915,OK
datos_semana_798.csv,7889113,7889113,0,76948239.0,76948239.0,0.0,2692,2692,OK
datos_semana_799.csv,6183284,6183284,0,65883855.0,65883855.0,0.0,2393,2393,OK
datos_semana_800.csv,5457342,5457342,0,57119698.0,57119698.0,0.0,2160,2160,OK
datos_semana_801.csv,5502413,5502413,0,59653126.0,59653126.0,0.0,2170,2170,OK
datos_semana_802.csv,4951151,4951151,0,56630975.0,56630975.0,0.0,2018,2018,OK
datos_semana_803.csv,4697983,4697983,0,58090483.0,58090483.0,0.0,1985,1985,OK
datos_semana_804.csv,3969489,3969489,0,51542224.0,51542224.0,0.0,1782,1782,OK
datos_semana_805.csv,3674811,3674811,0,48362393.0,48362393.0,0.0,1727,1727,OK
datos_semana_806.csv,2993489,2993489,0,40601730.0,40601730.0,0.0,1636,1636,OK
datos_semana_807.csv,2831784,2831784,0,40045971.0,40045971.0,0.0,1582,1582,OK
datos_semana_808.csv,3483994,3483994,0,49134725.0,49134725.0,0.0,1836,1836,OK
datos_semana_809.csv,3276762,3276762,0,47917117.0,47917117.0,0.0,1699,1699,OK
datos_semana_810.csv,2334838,2334838,0,35117334.0,35117334.0,0.0,1333,1333,OK
datos_semana_811.csv,2863047,2863047,0,41358292.0,41358292.0,0.0,1386,1386,OK
datos_semana_812.csv,2347708,2347708,0,34762351.0,34762351.0,0.0,1253,1253,OK
datos_semana_813.csv,2813858,2813858,0,39933231.0,39933231.0,0.0,1453,1453,OK
datos_semana_814.csv,2218633,2218633,0,31928459.0,31928459.0,0.0,1201,1201,OK
datos_semana_815.csv,1387523,1387523,0,21120103.0,21120103.0,0.0,821,821,OK
datos_semana_816.csv,2651434,2651434,0,33587312.0,33587312.0,0.0,1141,1141,OK
datos_semana_817.csv,1955510,1955510,0,26852720.0,26852720.0,0.0,948,948,OK
datos_semana_819.csv,1404768,1404768,0,16980101.0,16980101.0,0.0,622,622,OK
datos_semana_820.csv,2687965,2687965,0,35719265.0,35719265.0,0.0,927,927,OK
datos_semana_821.csv,1797279,1797279,0,22094590.0,22094590.0,0.0,715,715,OK
datos_semana_822.csv,1197049,1197049,0,13769450.0,13769450.0,0.0,510,510,OK
datos_semana_823.csv,1589163,1589163,0,17636252.0,17636252.0,0.0,557,557,OK
datos_semana_824.csv,1367871,1367871,0,14392859.0,14392859.0,0.0,509,509,OK
datos_semana_825.csv,1262866,1262866,0,11825533.0,11825533.0,0.0,443,443,OK
datos_semana_826.csv,1392325,1392325,0,12368955.0,12368955.0,0.0,482,482,OK
datos_semana_827.csv,1029012,1029012,0,9694676.0,9694676.0,0.0,496,496,OK
datos_semana_828.csv,1435545,1435545,0,12049874.0,12049874.0,0.0,680,680,OK
datos_semana_829.csv,1331908,1331908,0,9974854.0,9974854.0,0.0,713,713,OK
datos_semana_830.csv,1965268,1965268,0,14257104.0,14257104.0,0.0,1169,1169,OK
datos_semana_831.csv,2549321,2549321,0,14411114.0,14411114.0,0.0,1485,1485,OK
datos_semana_832.csv,4735497,4735497,0,25108147.0,25108147.0,0.0,2325,2325,OK
datos_semana_833.csv,5315416,5315416,0,24188309.0,24188309.0,0.0,2800,2800,OK
datos_semana_834.csv,7048890,7048890,0,33666098.0,33666098.0,0.0,3648,3648,OK
datos_semana_835.csv,9933921,9933921,0,48595269.0,48595269.0,0.0,4200,4200,OK
datos_semana_836.csv,7391232,7391232,0,37894350.0,37894350.0,0.0,3342,3342,OK
datos_semana_837.csv,8011341,8011341,0,45037170.0,45037170.0,0.0,3655,3655,OK
datos_semana_838.csv,7185639,7185639,0,43613082.0,43613082.0,0.0,3477,3477,OK
datos_semana_839.csv,8106567,8106567,0,48088768.0,48088768.0,0.0,3845,3845,OK
datos_semana_840.csv,8064305,8064305,0,51768188.0,51768188.0,0.0,3515,3515,OK
datos_semana_841.csv,8076301,8076301,0,57537844.0,57537844.0,0.0,3688,3688,OK
datos_semana_842.csv,7623806,7623806,0,54382023.0,54382023.0,0.0,3478,3478,OK
datos_semana_843.csv,9279294,9279294,0,71028843.0,71028843.0,0.0,4357,4357,OK
datos_semana_844.csv,9147383,9147383,0,78643725.0,78643725.0,0.0,4253,4253,OK
datos_semana_845.csv,10710846,10710846,0,93008517.0,93008517.0,0.0,4342,4342,OK
datos_semana_846.csv,12007917,12007917,0,106937445.0,106937445.0,0.0,4254,4254,OK
datos_semana_847.csv,11501094,11501094,0,106515291.0,106515291.0,0.0,4061,4061,OK
datos_semana_848.csv,13092903,13092903,0,120234997.0,120234997.0,0.0,4225,4225,OK
datos_semana_849.csv,9718617,9718617,0,92129794.0,92129794.0,0.0,3310,3310,OK
datos_semana_850.csv,10081105,10081105,0,96054157.0,96054157.0,0.0,3450,3450,OK
datos_semana_851.csv,8983667,8983667,0,92740883.0,92740883.0,0.0,2916,2916,OK
datos_semana_852.csv,9020230,9020230,0,91519249.0,91519249.0,0.0,3202,3202,OK
datos_semana_853.csv,6690764,6690764,0,75213354.0,75213354.0,0.0,2709,2709,OK
datos_semana_854.csv,4870185,4870185,0,60942168.0,60942168.0,0.0,2125,2125,OK
datos_semana_855.csv,4944912,4944912,0,64571453.0,64571453.0,0.0,2266,2266,OK
datos_semana_856.csv,5056047,5056047,0,65862970.0,65862970.0,0.0,2360,2360,OK
datos_semana_857.csv,4892777,4892777,0,64940171.0,64940171.0,0.0,2251,2251,OK
datos_semana_858.csv,2943459,2943459,0,41796076.0,41796076.0,0.0,1567,1567,OK
datos_semana_859.csv,3755290,3755290,0,51826808.0,51826808.0,0.0,1811,1811,OK
datos_semana_860.csv,3824841,3824841,0,54331135.0,54331135.0,0.0,1930,1930,OK
datos_semana_861.csv,3376554,3376554,0,47913025.0,47913025.0,0.0,1669,1669,OK
datos_semana_862.csv,3930657,3930657,0,57242607.0,57242607.0,0.0,1803,1803,OK
datos_semana_863.csv,3163114,3163114,0,46628721.0,46628721.0,0.0,1565,1565,OK
datos_semana_864.csv,2842182,2842182,0,42165164.0,42165164.0,0.0,1479,1479,OK
datos_semana_865.csv,2813221,2813221,0,42384336.0,42384336.0,0.0,1475,1475,OK
datos_semana_866.csv,1429665,1429665,0,22464288.0,22464288.0,0.0,864,864,OK
datos_semana_867.csv,3487834,3487834,0,50961450.0,50961450.0,0.0,1538,1538,OK
datos_semana_868.csv,2815042,2815042,0,40389892.0,40389892.0,0.0,1319,1319,OK
datos_semana_869.csv,2317608,2317608,0,31228714.0,31228714.0,0.0,1109,1109,OK
datos_semana_870.csv,2744195,2744195,0,38492378.0,38492378.0,0.0,1222,1222,OK
datos_semana_871.csv,1704593,1704593,0,25029865.0,25029865.0,0.0,780,780,OK
datos_semana_872.csv,2671893,2671893,0,32438769.0,32438769.0,0.0,1085,1085,OK
datos_semana_873.csv,1527648,1527648,0,17285749.0,17285749.0,0.0,670,670,OK
datos_semana_874.csv,3171288,3171288,0,35760238.0,35760238.0,0.0,933,933,OK
datos_semana_875.csv,1300578,1300578,0,12985568.0,12985568.0,0.0,634,634,OK
datos_semana_876.csv,2733432,2733432,0,26365670.0,26365670.0,0.0,891,891,OK
datos_semana_877.csv,1905879,1905879,0,16972265.0,16972265.0,0.0,715,715,OK
datos_semana_878.csv,1700950,1700950,0,16021930.0,16021930.0,0.0,753,753,OK
datos_semana_879.csv,1606662,1606662,0,15408889.0,15408889.0,0.0,805,805,OK
datos_semana_880.csv,1137621,1137621,0,7594578.0,7594578.0,0.0,699,699,OK
datos_semana_881.csv,2451654,2451654,0,16122297.0,16122297.0,0.0,1521,1521,OK
datos_semana_882.csv,3321038,3321038,0,18203883.0,18203883.0,0.0,2019,2019,OK
datos_semana_883.csv,5259333,5259333,0,27126927.0,27126927.0,0.0,2839,2839,OK
datos_semana_884.csv,9199737,9199737,0,41274061.0,41274061.0,0.0,4290,4290,OK
datos_semana_885.csv,7343146,7343146,0,35053961.0,35053961.0,0.0,4031,4031,OK
datos_semana_886.csv,9909705,9909705,0,51854511.0,51854511.0,0.0,4728,4728,OK
datos_semana_887.csv,9953500,9953500,0,53710715.0,53710715.0,0.0,4095,4095,OK
datos_semana_888.csv,10059367,10059367,0,56924140.0,56924140.0,0.0,4373,4373,OK
datos_semana_889.csv,4490415,4490415,0,27479624.0,27479624.0,0.0,2172,2172,OK
datos_semana_890.csv,8319111,8319111,0,52476222.0,52476222.0,0.0,3946,3946,OK
datos_semana_891.csv,10344347,10344347,0,71086062.0,71086062.0,0.0,4494,4494,OK
datos_semana_892.csv,8910946,8910946,0,63327072.0,63327072.0,0.0,4244,4244,OK
datos_semana_893.csv,9805558,9805558,0,70738519.0,70738519.0,0.0,4292,4292,OK
datos_semana_894.csv,10551815,10551815,0,83873759.0,83873759.0,0.0,4894,4894,OK
datos_semana_895.csv,10213375,10213375,0,84139002.0,84139002.0,0.0,4717,4717,OK
datos_semana_896.csv,7200085,7200085,0,62184491.0,62184491.0,0.0,3308,3308,OK
datos_semana_897.csv,14762947,14762947,0,128644282.0,128644282.0,0.0,4981,4981,OK
datos_semana_898.csv,10256318,10256318,0,93311113.0,93311113.0,0.0,3602,3602,OK
datos_semana_899.csv,10698953,10698953,0,99234208.0,99234208.0,0.0,3606,3606,OK
datos_semana_900.csv,11836672,11836672,0,108945744.0,108945744.0,0.0,3666,3666,OK
datos_semana_901.csv,10433870,10433870,0,101741988.0,101741988.0,0.0,3441,3441,OK
datos_semana_902.csv,8267048,8267048,0,85249041.0,85249041.0,0.0,2917,2917,OK
datos_semana_903.csv,7746839,7746839,0,82386862.0,82386862.0,0.0,2719,2719,OK
datos_semana_904.csv,5062029,5062029,0,55330716.0,55330716.0,0.0,2028,2028,OK
datos_semana_905.csv,4992384,4992384,0,59778054.0,59778054.0,0.0,2119,2119,OK
datos_semana_906.csv,4364624,4364624,0,53472164.0,53472164.0,0.0,1943,1943,OK
datos_semana_907.csv,4627364,4627364,0,59163355.0,59163355.0,0.0,1965,1965,OK
datos_semana_908.csv,4364779,4364779,0,57932455.0,57932455.0,0.0,2092,2092,OK
datos_semana_909.csv,4076927,4076927,0,54964707.0,54964707.0,0.0,1985,1985,OK
datos_semana_910.csv,3685686,3685686,0,50497315.0,50497315.0,0.0,1850,1850,OK
datos_semana_911.csv,3883936,3883936,0,57172285.0,57172285.0,0.0,1920,1920,OK
datos_semana_912.csv,3261855,3261855,0,48465833.0,48465833.0,0.0,1613,1613,OK
datos_semana_913.csv,2351121,2351121,0,37045573.0,37045573.0,0.0,1213,1213,OK
datos_semana_914.csv,4907010,4907010,0,76281889.0,76281889.0,0.0,2019,2019,OK
datos_semana_915.csv,1524113,1524113,0,23647638.0,23647638.0,0.0,931,931,OK
datos_semana_916.csv,3051928,3051928,0,47179210.0,47179210.0,0.0,1606,1606,OK
datos_semana_917.csv,4239556,4239556,0,61939442.0,61939442.0,0.0,1891,1891,OK
datos_semana_918.csv,3181301,3181301,0,45967468.0,45967468.0,0.0,1467,1467,OK
datos_semana_919.csv,3022864,3022864,0,43668855.0,43668855.0,0.0,1380,1380,OK
datos_semana_920.csv,3063975,3063975,0,42835004.0,42835004.0,0.0,1268,1268,OK
datos_semana_921.csv,2938270,2938270,0,41107561.0,41107561.0,0.0,1167,1167,OK
datos_semana_922.csv,1555974,1555974,0,20163145.0,20163145.0,0.0,812,812,OK
datos_semana_923.csv,2320974,2320974,0,28110920.0,28110920.0,0.0,782,782,OK
datos_semana_924.csv,2812231,2812231,0,33103188.0,33103188.0,0.0,910,910,OK
datos_semana_925.csv,2866649,2866649,0,32278460.0,32278460.0,0.0,846,846,OK
datos_semana_926.csv,1904353,1904353,0,20204826.0,20204826.0,0.0,601,601,OK
datos_semana_927.csv,1918239,1918239,0,19564704.0,19564704.0,0.0,628,628,OK
datos_semana_928.csv,1540411,1540411,0,15223053.0,15223053.0,0.0,555,555,OK
datos_semana_929.csv,2220562,2220562,0,22180106.0,22180106.0,0.0,656,656,OK
datos_semana_930.csv,1595436,1595436,0,15179502.0,15179502.0,0.0,558,558,OK
datos_semana_931.csv,1540841,1540841,0,14015628.0,14015628.0,0.0,585,585,OK
datos_semana_932.csv,1348059,1348059,0,12172250.0,12172250.0,0.0,574,574,OK
datos_semana_933.csv,1351179,1351179,0,10643680.0,10643680.0,0.0,794,794,OK
datos_semana_934.csv,2159627,2159627,0,14201095.0,14201095.0,0.0,1251,1251,OK
datos_semana_935.csv,3007573,3007573,0,17041040.0,17041040.0,0.0,1876,1876,OK
datos_semana_936.csv,4630912,4630912,0,23372256.0,23372256.0,0.0,2580,2580,OK
datos_semana_937.csv,7059598,7059598,0,33348982.0,33348982.0,0.0,3435,3435,OK
datos_semana_938.csv,9919862,9919862,0,46149147.0,46149147.0,0.0,4410,4410,OK
datos_semana_939.csv,13087683,13087683,0,61308648.0,61308648.0,0.0,5242,5242,OK
datos_semana_940.csv,13009894,13009894,0,63366956.0,63366956.0,0.0,4842,4842,OK
datos_semana_941.csv,11211691,11211691,0,53270495.0,53270495.0,0.0,4352,4352,OK
datos_semana_942.csv,11338722,11338722,0,61603726.0,61603726.0,0.0,4773,4773,OK
datos_semana_943.csv,12103868,12103868,0,65777474.0,65777474.0,0.0,4989,4989,OK
datos_semana_944.csv,8473207,8473207,0,52988793.0,52988793.0,0.0,4555,4555,OK
datos_semana_945.csv,9345844,9345844,0,62961090.0,62961090.0,0.0,4601,4601,OK
datos_semana_946.csv,9213212,9213212,0,63272492.0,63272492.0,0.0,4475,4475,OK
datos_semana_947.csv,11369760,11369760,0,84800193.0,84800193.0,0.0,5025,5025,OK
datos_semana_948.csv,11108068,11108068,0,89434102.0,89434102.0,0.0,4886,4886,OK
datos_semana_949.csv,11356667,11356667,0,93633464.0,93633464.0,0.0,4745,4745,OK
datos_semana_950.csv,12890878,12890878,0,112415674.0,112415674.0,0.0,4829,4829,OK
datos_semana_951.csv,11397503,11397503,0,102768690.0,102768690.0,0.0,4135,4135,OK
datos_semana_952.csv,13713718,13713718,0,125823524.0,125823524.0,0.0,4285,4285,OK
datos_semana_953.csv,10076210,10076210,0,93477885.0,93477885.0,0.0,3221,3221,OK
datos_semana_954.csv,9921056,9921056,0,98273395.0,98273395.0,0.0,3207,3207,OK
datos_semana_955.csv,11121060,11121060,0,113872919.0,113872919.0,0.0,3438,3438,OK
datos_semana_956.csv,8869976,8869976,0,91572717.0,91572717.0,0.0,3077,3077,OK
datos_semana_957.csv,6212756,6212756,0,71435782.0,71435782.0,0.0,2526,2526,OK
datos_semana_958.csv,6107398,6107398,0,74514561.0,74514561.0,0.0,2484,2484,OK
datos_semana_959.csv,5347364,5347364,0,70382428.0,70382428.0,0.0,2363,2363,OK
datos_semana_960.csv,5116120,5116120,0,66911575.0,66911575.0,0.0,2292,2292,OK
datos_semana_961.csv,4405566,4405566,0,59544286.0,59544286.0,0.0,2012,2012,OK
datos_semana_962.csv,4154305,4154305,0,58270898.0,58270898.0,0.0,1992,1992,OK
datos_semana_963.csv,2444100,2444100,0,35495814.0,35495814.0,0.0,1304,1304,OK
datos_semana_964.csv,4030188,4030188,0,58541914.0,58541914.0,0.0,2021,2021,OK
datos_semana_965.csv,3525059,3525059,0,51743024.0,51743024.0,0.0,1808,1808,OK
datos_semana_966.csv,4334834,4334834,0,66503240.0,66503240.0,0.0,2012,2012,OK
datos_semana_967.csv,2911763,2911763,0,44017120.0,44017120.0,0.0,1387,1387,OK
datos_semana_968.csv,5257636,5257636,0,79489930.0,79489930.0,0.0,1987,1987,OK
datos_semana_969.csv,3450766,3450766,0,52002857.0,52002857.0,0.0,1586,1586,OK
datos_semana_970.csv,2972592,2972592,0,45199162.0,45199162.0,0.0,1488,1488,OK
datos_semana_971.csv,2943587,2943587,0,45448018.0,45448018.0,0.0,1419,1419,OK
datos_semana_972.csv,3147767,3147767,0,47906449.0,47906449.0,0.0,1476,1476,OK
datos_semana_973.csv,2799546,2799546,0,42247949.0,42247949.0,0.0,1391,1391,OK
datos_semana_974.csv,1361141,1361141,0,21321375.0,21321375.0,0.0,843,843,OK
datos_semana_975.csv,1747604,1747604,0,24717912.0,24717912.0,0.0,601,601,OK
datos_semana_976.csv,3414389,3414389,0,47259881.0,47259881.0,0.0,1158,1158,OK
datos_semana_977.csv,2729160,2729160,0,37179847.0,37179847.0,0.0,1049,1049,OK
datos_semana_978.csv,2881706,2881706,0,35462716.0,35462716.0,0.0,850,850,OK
datos_semana_979.csv,1988228,1988228,0,24098292.0,24098292.0,0.0,718,718,OK
datos_semana_980.csv,2722192,2722192,0,31115010.0,31115010.0,0.0,951,951,OK
datos_semana_981.csv,2604850,2604850,0,28380363.0,28380363.0,0.0,911,911,OK
datos_semana_982.csv,1936146,1936146,0,19412730.0,19412730.0,0.0,717,717,OK
datos_semana_983.csv,1697491,1697491,0,15880346.0,15880346.0,0.0,702,702,OK
datos_semana_984.csv,1681878,1681878,0,13879334.0,13879334.0,0.0,688,688,OK
datos_semana_985.csv,1389039,1389039,0,11492603.0,11492603.0,0.0,745,745,OK
datos_semana_986.csv,2012890,2012890,0,14121973.0,14121973.0,0.0,1259,1259,OK
datos_semana_987.csv,3237829,3237829,0,18887577.0,18887577.0,0.0,1758,1758,OK
datos_semana_988.csv,5307111,5307111,0,25304228.0,25304228.0,0.0,2638,2638,OK
datos_semana_989.csv,7863988,7863988,0,36518559.0,36518559.0,0.0,3850,3850,OK
datos_semana_990.csv,11491588,11491588,0,52998973.0,52998973.0,0.0,5063,5063,OK
datos_semana_991.csv,11743670,11743670,0,51813553.0,51813553.0,0.0,4669,4669,OK
datos_semana_992.csv,14957862,14957862,0,71250383.0,71250383.0,0.0,5421,5421,OK
datos_semana_993.csv,12268374,12268374,0,56799205.0,56799205.0,0.0,4718,4718,OK
datos_semana_994.csv,9695747,9695747,0,48736835.0,48736835.0,0.0,4385,4385,OK
datos_semana_995.csv,8905234,8905234,0,50839382.0,50839382.0,0.0,4302,4302,OK
datos_semana_996.csv,8472310,8472310,0,52531527.0,52531527.0,0.0,4446,4446,OK
datos_semana_997.csv,9534512,9534512,0,63282728.0,63282728.0,0.0,4513,4513,OK
datos_semana_998.csv,10131079,10131079,0,72913070.0,72913070.0,0.0,4448,4448,OK
datos_semana_999.csv,9799249,9799249,0,73071409.0,73071409.0,0.0,4284,4284,OK
